<?xml version="1.0" encoding="UTF-8"?>
<gresources>
  <gresource prefix="/org/gnome/shell/theme">
    <file>calendar-today.svg</file>
    <file>checkbox-focused.svg</file>
    <file>checkbox-off-focused.svg</file>
    <file>checkbox-off.svg</file>
    <file>checkbox.svg</file>
    <file>dash-placeholder.svg</file>
    <file>gnome-shell.css</file>
    <file>gnome-shell-high-contrast.css</file>
    <file>key-enter.svg</file>
    <file>key-hide.svg</file>
    <file>key-layout.svg</file>
    <file>key-shift.svg</file>
    <file>key-shift-uppercase.svg</file>
    <file>key-shift-latched-uppercase.svg</file>
    <file alias="icons/message-indicator-symbolic.svg">message-indicator-symbolic.svg</file>
    <file>no-events.svg</file>
    <file>no-notifications.svg</file>
    <file>noise-texture.png</file>
    <file>pad-osd.css</file>
    <file alias="icons/pointer-double-click-symbolic.svg">pointer-double-click-symbolic.svg</file>
    <file alias="icons/pointer-drag-symbolic.svg">pointer-drag-symbolic.svg</file>
    <file alias="icons/pointer-primary-click-symbolic.svg">pointer-primary-click-symbolic.svg</file>
    <file alias="icons/pointer-secondary-click-symbolic.svg">pointer-secondary-click-symbolic.svg</file>
    <file>process-working.svg</file>
    <file>toggle-off.svg</file>
    <file>toggle-off-dark.svg</file>
    <file>toggle-off-hc.svg</file>
    <file>toggle-on.svg</file>
    <file>toggle-on-dark.svg</file>
    <file>toggle-on-hc.svg</file>
    <file>bg.png</file>
  </gresource>
</gresources>
